Period,MatchClock,Timestamp,EventType,TeamStrengthType,TeamStrength,HomeGoalieOnIce,AwayGoalieOnIce,EventPosition,EventStartCoordinate,EventEndCoordinate,EventPrimaryPlayerId,EventPrimaryPlayerName,EventPrimaryTeam,EventSecondaryPlayerId,EventSecondaryPlayerName,EventSecondaryTeam,FaceoffSpot,ShotResult,ShotSpeed,ShotScreeningPlayerIds,ShotXG,GoalAssist1Id,GoalAssist2Id,PassResult,PassSpeed,BluelineCrossingResult,BluelineCrossingDirection,BluelineCrossingAttackerIds,BluelineCrossingDefenderIds,DumpResult,DumpType,DumpAlongTheBoards,ClearType,ClearAlongTheBoards,PuckControlState,PuckControlStartZone,PuckControlEndZone,PuckControlContestingPlayerIds,StoppageOfPlayReason,PenaltyReason,ParticipatingPlayerIds,StartPlayerId1,StartPlayerId2,StartPlayerId3,StartPlayerId4,StartPlayerId5,StartPlayerId6,StartPlayerId7,StartPlayerId8,StartPlayerId9,StartPlayerId10,StartPlayerId11,StartPlayerId12,StartPlayerName1,StartPlayerName2,StartPlayerName3,StartPlayerName4,StartPlayerName5,StartPlayerName6,StartPlayerName7,StartPlayerName8,StartPlayerName9,StartPlayerName10,StartPlayerName11,StartPlayerName12,StartPlayerTeam1,StartPlayerTeam2,StartPlayerTeam3,StartPlayerTeam4,StartPlayerTeam5,StartPlayerTeam6,StartPlayerTeam7,StartPlayerTeam8,StartPlayerTeam9,StartPlayerTeam10,StartPlayerTeam11,StartPlayerTeam12,StartPlayerCoordinates1,StartPlayerCoordinates2,StartPlayerCoordinates3,StartPlayerCoordinates4,StartPlayerCoordinates5,StartPlayerCoordinates6,StartPlayerCoordinates7,StartPlayerCoordinates8,StartPlayerCoordinates9,StartPlayerCoordinates10,StartPlayerCoordinates11,StartPlayerCoordinates12,StartPlayerVelocity1,StartPlayerVelocity2,StartPlayerVelocity3,StartPlayerVelocity4,StartPlayerVelocity5,StartPlayerVelocity6,StartPlayerVelocity7,StartPlayerVelocity8,StartPlayerVelocity9,StartPlayerVelocity10,StartPlayerVelocity11,StartPlayerVelocity12,StartPlayerDirection1,StartPlayerDirection2,StartPlayerDirection3,StartPlayerDirection4,StartPlayerDirection5,StartPlayerDirection6,StartPlayerDirection7,StartPlayerDirection8,StartPlayerDirection9,StartPlayerDirection10,StartPlayerDirection11,StartPlayerDirection12
2,866,1.7038E+12,Pass,AwayPowerplay,4v5,TRUE,TRUE,HomeTeamZone,"-16.1,-14.6","-10.4,-12.8",337835,#40 Dennis Rasmussen,Away,322236,#55 Calle Andersson,Away,,,,,,,,Successful,6,,,,,,,,,,,,,,,,3.37835E+11,304441,337684,322236,332924,100375,888052816,888052818,333800,343628,888052819,337835,,#91 Gilles Senn,#19 Jesper Olofsson,#55 Calle Andersson,#25 Henrik Haapala,#10 Andres Ambühl,#1 Thomas Milic,#3 Dillon Heatherington,#86 Josh Jooris,#19 Corban Knight,#24 Ty Smith,#40 Dennis Rasmussen,,Away,Away,Away,Away,Away,Home,Home,Home,Home,Home,Away,,"25.5,-0.6","-11.4,10.9","-5.5,-9","-2.2,-0.1","-17.1,-6.2","-25.3,-1.1","-18.6,-0.5","-14.2,-4.2","-15.6,-12.6","-17.9,-6.1","-16,-14.2",,0.135,2.287,6.869,5.761,5.984,0.793,3.929,4.322,5.933,5.617,5.846,,"0.763,0.647","-0.88,-0.475","-0.524,-0.852","-0.985,0.171","-1,0.018","0.291,0.957","-0.941,-0.338","-0.914,-0.405","-0.982,-0.186","-0.996,0.092","-0.991,0.132",
2,866,1.7038E+12,PuckControl,AwayPowerplay,4v5,TRUE,TRUE,HomeTeamZone,"-16.1,-14.7","-10.4,-12.8",,,,,,,,,,,,,,,,,,,,,,,,,AwayControl,HomeTeamZone,HomeTeamZone,,,,,304441,337684,322236,332924,100375,888052816,888052818,333800,343628,888052819,337835,,#91 Gilles Senn,#19 Jesper Olofsson,#55 Calle Andersson,#25 Henrik Haapala,#10 Andres Ambühl,#1 Thomas Milic,#3 Dillon Heatherington,#86 Josh Jooris,#19 Corban Knight,#24 Ty Smith,#40 Dennis Rasmussen,,Away,Away,Away,Away,Away,Home,Home,Home,Home,Home,Away,,"25.5,-0.6","-11.4,10.9","-5.5,-9.1","-2.4,-0.1","-17.2,-6.2","-25.3,-1.1","-18.7,-0.6","-14.3,-4.3","-15.8,-12.6","-18,-6.1","-16.1,-14.2",,,,,,,,,,,,,,,,,,,,,,,,,
2,867,1.7038E+12,PuckControl,AwayPowerplay,4v5,TRUE,TRUE,HomeTeamZone,"-10.4,-12.8","-10.7,-12.5",322236,#55 Calle Andersson,Away,,,,,,,,,,,,,,,,,,,,,,AwayControl,HomeTeamZone,HomeTeamZone,,,,322236,304441,337835,337684,322236,332924,100375,888052816,888052818,333800,343628,888052819,,#91 Gilles Senn,#40 Dennis Rasmussen,#19 Jesper Olofsson,#55 Calle Andersson,#25 Henrik Haapala,#10 Andres Ambühl,#1 Thomas Milic,#3 Dillon Heatherington,#86 Josh Jooris,#19 Corban Knight,#24 Ty Smith,,Away,Away,Away,Away,Away,Away,Home,Home,Home,Home,Home,,"25.6,-0.5","-22.3,-13","-11.8,9.2","-9.2,-13.5","-7.9,-1.3","-22,-5.7","-25.4,-0.8","-20.6,-2","-15.8,-5.7","-19.7,-10.6","-22.8,-5.7",,,,,,,,,,,,,,,,,,,,,,,,,
2,868,1.7038E+12,Pass,AwayPowerplay,4v5,TRUE,TRUE,HomeTeamZone,"-10.7,-12.5","-26.4,-11.2",322236,#55 Calle Andersson,Away,337835,#40 Dennis Rasmussen,Away,,,,,,,,Successful,18.4,,,,,,,,,,,,,,,,3.22236E+11,304441,337835,337684,322236,332924,100375,888052816,888052818,333800,343628,888052819,,#91 Gilles Senn,#40 Dennis Rasmussen,#19 Jesper Olofsson,#55 Calle Andersson,#25 Henrik Haapala,#10 Andres Ambühl,#1 Thomas Milic,#3 Dillon Heatherington,#86 Josh Jooris,#19 Corban Knight,#24 Ty Smith,,Away,Away,Away,Away,Away,Away,Home,Home,Home,Home,Home,,"25.5,-0.7","-25.6,-11.1","-10.5,8.3","-10.7,-13.8","-11.9,-4.6","-24.1,-3.9","-25.3,-1.1","-21.4,-2.6","-13.9,-7.4","-19,-7.4","-24.3,-5.5",,0.392,1.966,1.447,0.648,5.067,2.211,0.631,1.462,2.736,2.785,1.16,,"-0.561,-0.828","-0.947,0.322","0.984,-0.178","-0.276,0.961","-0.669,-0.743","-0.55,0.835","0.108,-0.994","-0.994,-0.11","0.589,-0.808","0.392,0.92","-0.844,-0.536",
2,868,1.7038E+12,PuckControl,AwayPowerplay,4v5,TRUE,TRUE,HomeTeamZone,"-10.7,-12.5","-26.4,-11.2",,,,,,,,,,,,,,,,,,,,,,,,,AwayControl,HomeTeamZone,HomeTeamZone,,,,,304441,337835,337684,322236,332924,100375,888052816,888052818,333800,343628,888052819,,#91 Gilles Senn,#40 Dennis Rasmussen,#19 Jesper Olofsson,#55 Calle Andersson,#25 Henrik Haapala,#10 Andres Ambühl,#1 Thomas Milic,#3 Dillon Heatherington,#86 Josh Jooris,#19 Corban Knight,#24 Ty Smith,,Away,Away,Away,Away,Away,Away,Home,Home,Home,Home,Home,,"25.5,-0.7","-25.7,-11.1","-10.4,8.3","-10.7,-13.8","-12,-4.7","-24.1,-3.8","-25.3,-1.1","-21.4,-2.6","-13.9,-7.5","-19,-7.4","-24.3,-5.5",,,,,,,,,,,,,,,,,,,,,,,,,
2,869,1.7038E+12,PuckControl,AwayPowerplay,4v5,TRUE,TRUE,HomeTeamZone,"-26.4,-11.2","-26.2,-13.7",337835,#40 Dennis Rasmussen,Away,,,,,,,,,,,,,,,,,,,,,,AwayControl,HomeTeamZone,HomeTeamZone,,,,337835,304441,337835,337684,322236,332924,100375,888052816,888052818,333800,343628,888052819,,#91 Gilles Senn,#40 Dennis Rasmussen,#19 Jesper Olofsson,#55 Calle Andersson,#25 Henrik Haapala,#10 Andres Ambühl,#1 Thomas Milic,#3 Dillon Heatherington,#86 Josh Jooris,#19 Corban Knight,#24 Ty Smith,,Away,Away,Away,Away,Away,Away,Home,Home,Home,Home,Home,,"25.4,-0.5","-26.5,-11.5","-9.9,8.3","-10.4,-14","-14.5,-8.9","-24.8,-2.8","-25.5,-1.4","-22.6,-2.9","-14.2,-8.7","-19,-6","-25.1,-7.4",,,,,,,,,,,,,,,,,,,,,,,,,
2,869,1.7038E+12,Pass,AwayPowerplay,4v5,TRUE,TRUE,HomeTeamZone,"-26.3,-13.7","-16.8,-14.6",337835,#40 Dennis Rasmussen,Away,332924,#25 Henrik Haapala,Away,,,,,,,,Successful,7,,,,,,,,,,,,,,,,3.37835E+11,304441,337835,337684,322236,332924,100375,888052816,888052818,333800,343628,888052819,,#91 Gilles Senn,#40 Dennis Rasmussen,#19 Jesper Olofsson,#55 Calle Andersson,#25 Henrik Haapala,#10 Andres Ambühl,#1 Thomas Milic,#3 Dillon Heatherington,#86 Josh Jooris,#19 Corban Knight,#24 Ty Smith,,Away,Away,Away,Away,Away,Away,Home,Home,Home,Home,Home,,"25.5,-0.3","-26.1,-12.5","-9.8,8.3","-9.8,-14.2","-16.2,-12","-25.1,-2.9","-25.8,-1.3","-23.3,-2.9","-15.7,-8.1","-19.4,-5.6","-25.4,-9.9",,0.036,1.878,0.323,0.981,4.224,0.468,0.515,0.834,2.565,0.786,4.362,,"0.909,0.418","0.688,-0.726","0.05,0.999","0.994,-0.107","-0.459,-0.889","-0.769,0.639","-0.953,-0.304","-0.942,0.335","-0.883,0.47","-0.118,0.993","0.171,-0.985",
2,869,1.7038E+12,PuckControl,AwayPowerplay,4v5,TRUE,TRUE,HomeTeamZone,"-26.2,-13.7","-16.8,-14.6",,,,,,,,,,,,,,,,,,,,,,,,,AwayControl,HomeTeamZone,HomeTeamZone,,,,,304441,337835,337684,322236,332924,100375,888052816,888052818,333800,343628,888052819,,#91 Gilles Senn,#40 Dennis Rasmussen,#19 Jesper Olofsson,#55 Calle Andersson,#25 Henrik Haapala,#10 Andres Ambühl,#1 Thomas Milic,#3 Dillon Heatherington,#86 Josh Jooris,#19 Corban Knight,#24 Ty Smith,,Away,Away,Away,Away,Away,Away,Home,Home,Home,Home,Home,,"25.5,-0.3","-26.1,-12.6","-9.8,8.3","-9.8,-14.2","-16.2,-12.1","-25.1,-2.9","-25.8,-1.3","-23.3,-2.9","-15.8,-8.1","-19.4,-5.5","-25.4,-10",,,,,,,,,,,,,,,,,,,,,,,,,
2,871,1.7038E+12,PuckControl,AwayPowerplay,4v5,TRUE,TRUE,HomeTeamZone,"-16.8,-14.6","-17.1,-15.1",332924,#25 Henrik Haapala,Away,,,,,,,,,,,,,,,,,,,,,,AwayControl,HomeTeamZone,HomeTeamZone,,,,332924,304441,337835,337684,322236,332924,100375,888052816,888052818,333800,343628,888052819,,#91 Gilles Senn,#40 Dennis Rasmussen,#19 Jesper Olofsson,#55 Calle Andersson,#25 Henrik Haapala,#10 Andres Ambühl,#1 Thomas Milic,#3 Dillon Heatherington,#86 Josh Jooris,#19 Corban Knight,#24 Ty Smith,,Away,Away,Away,Away,Away,Away,Home,Home,Home,Home,Home,,"25.5,-0.6","-26,-13","-10,8","-8.5,-14.1","-15.9,-14.7","-25.1,-2.8","-26.2,-0.8","-23.2,-3.1","-15.8,-8.1","-18.1,-4.5","-22.1,-11.8",,,,,,,,,,,,,,,,,,,,,,,,,
2,872,1.7038E+12,Pass,AwayPowerplay,4v5,TRUE,TRUE,HomeTeamZone,"-17,-15.1","-27.8,-9",332924,#25 Henrik Haapala,Away,337835,#40 Dennis Rasmussen,Away,,,,,,,,Successful,19.4,,,,,,,,,,,,,,,,3.32924E+11,304441,337835,337684,322236,332924,100375,888052816,888052818,333800,343628,888052819,,#91 Gilles Senn,#40 Dennis Rasmussen,#19 Jesper Olofsson,#55 Calle Andersson,#25 Henrik Haapala,#10 Andres Ambühl,#1 Thomas Milic,#3 Dillon Heatherington,#86 Josh Jooris,#19 Corban Knight,#24 Ty Smith,,Away,Away,Away,Away,Away,Away,Home,Home,Home,Home,Home,,"25.5,-0.6","-27.7,-11.5","-9.9,7.7","-8,-13.8","-16.7,-14.7","-25,-2.4","-25.9,-0.9","-23,-3.7","-15.4,-11.5","-17.7,-3.9","-21.5,-8.4",,0.149,1.886,0.36,0.199,2.819,1.142,1.611,0.73,3.006,0.401,2.183,,"0.949,0.316","-0.583,0.812","-0.248,-0.969","0.075,-0.997","-1,0.008","-0.232,-0.973","-0.427,-0.904","-0.883,-0.47","-0.56,-0.828","0.05,-0.999","-0.354,0.935",
2,872,1.7038E+12,PuckControl,AwayPowerplay,4v5,TRUE,TRUE,HomeTeamZone,"-17.1,-15.1","-27.8,-9",,,,,,,,,,,,,,,,,,,,,,,,,AwayControl,HomeTeamZone,HomeTeamZone,,,,,304441,337835,337684,322236,332924,100375,888052816,888052818,333800,343628,888052819,,#91 Gilles Senn,#40 Dennis Rasmussen,#19 Jesper Olofsson,#55 Calle Andersson,#25 Henrik Haapala,#10 Andres Ambühl,#1 Thomas Milic,#3 Dillon Heatherington,#86 Josh Jooris,#19 Corban Knight,#24 Ty Smith,,Away,Away,Away,Away,Away,Away,Home,Home,Home,Home,Home,,"25.5,-0.6","-27.7,-11.5","-9.9,7.7","-8,-13.8","-16.8,-14.7","-25,-2.4","-25.9,-0.9","-23,-3.7","-15.4,-11.6","-17.7,-3.9","-21.5,-8.4",,,,,,,,,,,,,,,,,,,,,,,,,
2,872,1.7038E+12,PuckControl,AwayPowerplay,4v5,TRUE,TRUE,HomeTeamZone,"-27.8,-9","-29.5,3.6",337835,#40 Dennis Rasmussen,Away,,,,,,,,,,,,,,,,,,,,,,AwayControl,HomeTeamZone,HomeTeamZone,,,,337835,304441,337835,337684,322236,332924,100375,888052816,888052818,333800,343628,888052819,,#91 Gilles Senn,#40 Dennis Rasmussen,#19 Jesper Olofsson,#55 Calle Andersson,#25 Henrik Haapala,#10 Andres Ambühl,#1 Thomas Milic,#3 Dillon Heatherington,#86 Josh Jooris,#19 Corban Knight,#24 Ty Smith,,Away,Away,Away,Away,Away,Away,Home,Home,Home,Home,Home,,"25.5,-0.5","-28.7,-10","-10.2,7.4","-8.1,-13.7","-18.6,-14.8","-25,-3","-26.3,-1.2","-23.8,-3.4","-16.9,-12.1","-18.1,-4","-22.5,-7.5",,,,,,,,,,,,,,,,,,,,,,,,,
2,875,1.7038E+12,Pass,AwayPowerplay,4v5,TRUE,TRUE,HomeTeamZone,"-29.6,3.5","-13.1,12.5",337835,#40 Dennis Rasmussen,Away,337684,#19 Jesper Olofsson,Away,,,,,,,,Successful,18.1,,,,,,,,,,,,,,,,3.37835E+11,304441,337835,337684,322236,332924,100375,888052816,888052818,333800,343628,888052819,,#91 Gilles Senn,#40 Dennis Rasmussen,#19 Jesper Olofsson,#55 Calle Andersson,#25 Henrik Haapala,#10 Andres Ambühl,#1 Thomas Milic,#3 Dillon Heatherington,#86 Josh Jooris,#19 Corban Knight,#24 Ty Smith,,Away,Away,Away,Away,Away,Away,Home,Home,Home,Home,Home,,"25.5,-0.5","-28.8,3.1","-13.3,10.7","-9.7,-8.9","-23.6,-11.3","-25.6,-2.6","-26,-1.3","-24.8,2.8","-20.1,-3.6","-20.1,3.6","-26,-3.5",,0.099,8.039,2.89,3.368,2.897,1.733,1.043,7.16,4.415,2.899,2.265,,"-0.018,-1","0.333,0.943","-0.491,0.871","-0.197,0.98","0.325,0.946","0.368,0.93","0.07,0.998","0.123,0.992","-0.088,0.996","-0.059,0.998","0.965,0.261",
2,875,1.7038E+12,PuckControl,AwayPowerplay,4v5,TRUE,TRUE,HomeTeamZone,"-29.5,3.6","-13.1,12.5",,,,,,,,,,,,,,,,,,,,,,,,,AwayControl,HomeTeamZone,HomeTeamZone,,,,,304441,337835,337684,322236,332924,100375,888052816,888052818,333800,343628,888052819,,#91 Gilles Senn,#40 Dennis Rasmussen,#19 Jesper Olofsson,#55 Calle Andersson,#25 Henrik Haapala,#10 Andres Ambühl,#1 Thomas Milic,#3 Dillon Heatherington,#86 Josh Jooris,#19 Corban Knight,#24 Ty Smith,,Away,Away,Away,Away,Away,Away,Home,Home,Home,Home,Home,,"25.5,-0.5","-28.7,3.2","-13.3,10.8","-9.7,-8.8","-23.6,-11.2","-25.5,-2.6","-26,-1.3","-24.8,2.9","-20.1,-3.5","-20.1,3.6","-26,-3.5",,,,,,,,,,,,,,,,,,,,,,,,,
2,876,1.7038E+12,PuckControl,AwayPowerplay,4v5,TRUE,TRUE,HomeTeamZone,"-13.1,12.5","-12.6,13.1",337684,#19 Jesper Olofsson,Away,,,,,,,,,,,,,,,,,,,,,,AwayControl,HomeTeamZone,HomeTeamZone,,,,337684,304441,337835,337684,322236,332924,100375,888052816,888052818,333800,343628,888052819,,#91 Gilles Senn,#40 Dennis Rasmussen,#19 Jesper Olofsson,#55 Calle Andersson,#25 Henrik Haapala,#10 Andres Ambühl,#1 Thomas Milic,#3 Dillon Heatherington,#86 Josh Jooris,#19 Corban Knight,#24 Ty Smith,,Away,Away,Away,Away,Away,Away,Home,Home,Home,Home,Home,,"25.5,-0.4","-25.6,8.1","-13.4,13.4","-9.6,-5.4","-20.9,-9.6","-23.8,-1","-25.6,-1.6","-22.9,6","-19.3,-0.9","-19.2,6.6","-24.2,-1.9",,,,,,,,,,,,,,,,,,,,,,,,,
2,876,1.7038E+12,Pass,AwayPowerplay,4v5,TRUE,TRUE,HomeTeamZone,"-12.6,13.1","-7.9,-3.2",337684,#19 Jesper Olofsson,Away,322236,#55 Calle Andersson,Away,,,,,,,,Successful,14.9,,,,,,,,,,,,,,,,3.37684E+11,304441,337835,337684,322236,332924,100375,888052816,888052818,333800,343628,888052819,,#91 Gilles Senn,#40 Dennis Rasmussen,#19 Jesper Olofsson,#55 Calle Andersson,#25 Henrik Haapala,#10 Andres Ambühl,#1 Thomas Milic,#3 Dillon Heatherington,#86 Josh Jooris,#19 Corban Knight,#24 Ty Smith,,Away,Away,Away,Away,Away,Away,Home,Home,Home,Home,Home,,"25.6,-0.4","-24.5,7.9","-13,14","-9.6,-4.9","-19.6,-9.8","-23,-0.4","-25.6,-1.3","-22.3,5.6","-18.5,-0.6","-18.2,7.1","-23.8,-1.5",,0.22,3.628,1.478,0.948,3.931,3.143,1.625,2.281,2.421,3.257,1.611,,"0.065,-0.998","0.863,-0.505","0.76,0.65","-0.118,0.993","0.969,-0.248","0.861,0.509","-0.217,0.976","0.772,-0.636","0.995,0.098","0.998,0.067","0.997,0.079",
2,876,1.7038E+12,PuckControl,AwayPowerplay,4v5,TRUE,TRUE,HomeTeamZone,"-12.6,13.1","-7.9,-3.2",,,,,,,,,,,,,,,,,,,,,,,,,AwayControl,HomeTeamZone,HomeTeamZone,,,,,304441,337835,337684,322236,332924,100375,888052816,888052818,333800,343628,888052819,,#91 Gilles Senn,#40 Dennis Rasmussen,#19 Jesper Olofsson,#55 Calle Andersson,#25 Henrik Haapala,#10 Andres Ambühl,#1 Thomas Milic,#3 Dillon Heatherington,#86 Josh Jooris,#19 Corban Knight,#24 Ty Smith,,Away,Away,Away,Away,Away,Away,Home,Home,Home,Home,Home,,"25.6,-0.4","-24.5,7.9","-13,14","-9.6,-4.8","-19.5,-9.8","-22.9,-0.3","-25.6,-1.3","-22.2,5.6","-18.5,-0.6","-18.1,7.1","-23.8,-1.5",,,,,,,,,,,,,,,,,,,,,,,,,
2,877,1.7038E+12,PuckControl,AwayPowerplay,4v5,TRUE,TRUE,HomeTeamZone,"-7.9,-3.2","-8.7,-2.6",322236,#55 Calle Andersson,Away,,,,,,,,,,,,,,,,,,,,,,AwayControl,HomeTeamZone,HomeTeamZone,,,,322236,304441,337835,337684,322236,332924,100375,888052816,888052818,333800,343628,888052819,,#91 Gilles Senn,#40 Dennis Rasmussen,#19 Jesper Olofsson,#55 Calle Andersson,#25 Henrik Haapala,#10 Andres Ambühl,#1 Thomas Milic,#3 Dillon Heatherington,#86 Josh Jooris,#19 Corban Knight,#24 Ty Smith,,Away,Away,Away,Away,Away,Away,Home,Home,Home,Home,Home,,"25.4,-0.7","-23.5,3.4","-12.2,12.7","-8.8,-4.6","-15.5,-11.4","-20,0.5","-26,-1.1","-21.6,3.4","-15.7,-1.7","-15.5,4.3","-22.3,-1.5",,,,,,,,,,,,,,,,,,,,,,,,,
2,878,1.7038E+12,Pass,AwayPowerplay,4v5,TRUE,TRUE,HomeTeamZone,"-8.6,-2.6","-13.6,-9.9",322236,#55 Calle Andersson,Away,332924,#25 Henrik Haapala,Away,,,,,,,,Successful,15.7,,,,,,,,,,,,,,,,3.22236E+11,304441,337835,337684,322236,332924,100375,888052816,888052818,333800,343628,888052819,,#91 Gilles Senn,#40 Dennis Rasmussen,#19 Jesper Olofsson,#55 Calle Andersson,#25 Henrik Haapala,#10 Andres Ambühl,#1 Thomas Milic,#3 Dillon Heatherington,#86 Josh Jooris,#19 Corban Knight,#24 Ty Smith,,Away,Away,Away,Away,Away,Away,Home,Home,Home,Home,Home,,"25.3,-0.5","-24,0.7","-12.4,11","-8,-3.8","-13.8,-11.8","-18.1,0.2","-26,-1.1","-22.3,0.4","-13.4,-2.3","-15,1.4","-21.5,-2.8",,0.693,3.316,2.345,1.437,0.775,2.013,1.286,2.611,2.323,3.149,1.416,,"0.553,0.833","-0.078,-0.997","-0.378,-0.926","0.407,0.914","0.973,0.23","0.847,-0.532","-0.317,-0.948","-0.261,-0.965","0.959,0.284","-0.08,-0.997","0.901,-0.435",
2,878,1.7038E+12,PuckControl,AwayPowerplay,4v5,TRUE,TRUE,HomeTeamZone,"-8.7,-2.6","-13.6,-9.9",,,,,,,,,,,,,,,,,,,,,,,,,AwayControl,HomeTeamZone,HomeTeamZone,,,,,304441,337835,337684,322236,332924,100375,888052816,888052818,333800,343628,888052819,,#91 Gilles Senn,#40 Dennis Rasmussen,#19 Jesper Olofsson,#55 Calle Andersson,#25 Henrik Haapala,#10 Andres Ambühl,#1 Thomas Milic,#3 Dillon Heatherington,#86 Josh Jooris,#19 Corban Knight,#24 Ty Smith,,Away,Away,Away,Away,Away,Away,Home,Home,Home,Home,Home,,"25.3,-0.5","-24,0.6","-12.4,10.9","-8,-3.8","-13.8,-11.8","-18.1,0.2","-26,-1.1","-22.3,0.3","-13.3,-2.2","-15,1.4","-21.5,-2.8",,,,,,,,,,,,,,,,,,,,,,,,,
2,879,1.7038E+12,PuckControl,AwayPowerplay,4v5,TRUE,TRUE,HomeTeamZone,"-13.6,-9.9","-20.5,-12.1",332924,#25 Henrik Haapala,Away,,,,,,,,,,,,,,,,,,,,,,AwayControl,HomeTeamZone,HomeTeamZone,,,,332924,304441,337835,337684,322236,332924,100375,888052816,888052818,333800,343628,888052819,,#91 Gilles Senn,#40 Dennis Rasmussen,#19 Jesper Olofsson,#55 Calle Andersson,#25 Henrik Haapala,#10 Andres Ambühl,#1 Thomas Milic,#3 Dillon Heatherington,#86 Josh Jooris,#19 Corban Knight,#24 Ty Smith,,Away,Away,Away,Away,Away,Away,Home,Home,Home,Home,Home,,"25.5,-0.3","-24.2,-1","-12.9,9.8","-7.5,-3.5","-13.9,-11.7","-17.6,-0.6","-26,-0.7","-22.7,-0.5","-12.7,-2.2","-15.4,0.3","-20.8,-3.2",,,,,,,,,,,,,,,,,,,,,,,,,
2,881,1.7038E+12,Pass,AwayPowerplay,4v5,TRUE,TRUE,HomeTeamZone,"-20.4,-12","-8.2,-5.9",332924,#25 Henrik Haapala,Away,322236,#55 Calle Andersson,Away,,,,,,,,Successful,12.4,,,,,,,,,,,,,,,,3.32924E+11,304441,337835,337684,322236,332924,100375,888052816,888052818,333800,343628,888052819,,#91 Gilles Senn,#40 Dennis Rasmussen,#19 Jesper Olofsson,#55 Calle Andersson,#25 Henrik Haapala,#10 Andres Ambühl,#1 Thomas Milic,#3 Dillon Heatherington,#86 Josh Jooris,#19 Corban Knight,#24 Ty Smith,,Away,Away,Away,Away,Away,Away,Home,Home,Home,Home,Home,,"25.3,-0.7","-25,-2.9","-13.8,6.2","-7.5,-7.2","-20,-12.5","-20.9,-2.4","-25.6,-0.7","-24.1,-3.3","-16.2,-5.1","-18.7,-1.8","-21,-7.2",,0.621,0.474,1.17,0.927,3.843,2.232,0.412,0.745,1.732,1.842,1.933,,"-0.546,-0.838","-0.676,0.737","-0.178,-0.984","-0.248,-0.969","-0.994,-0.109","-0.978,-0.206","-0.602,-0.799","-0.984,-0.18","-0.924,0.383","-0.785,-0.62","-0.885,-0.466",
2,881,1.7038E+12,PuckControl,AwayPowerplay,4v5,TRUE,TRUE,HomeTeamZone,"-20.5,-12.1","-8.2,-5.9",,,,,,,,,,,,,,,,,,,,,,,,,AwayControl,HomeTeamZone,HomeTeamZone,,,,,304441,337835,337684,322236,332924,100375,888052816,888052818,333800,343628,888052819,,#91 Gilles Senn,#40 Dennis Rasmussen,#19 Jesper Olofsson,#55 Calle Andersson,#25 Henrik Haapala,#10 Andres Ambühl,#1 Thomas Milic,#3 Dillon Heatherington,#86 Josh Jooris,#19 Corban Knight,#24 Ty Smith,,Away,Away,Away,Away,Away,Away,Home,Home,Home,Home,Home,,"25.3,-0.7","-25,-2.9","-13.8,6.2","-7.5,-7.2","-20,-12.5","-21,-2.4","-25.6,-0.7","-24.1,-3.3","-16.2,-5.1","-18.7,-1.8","-21.1,-7.2",,,,,,,,,,,,,,,,,,,,,,,,,
2,882,1.7038E+12,PuckControl,AwayPowerplay,4v5,TRUE,TRUE,HomeTeamZone,"-8.2,-5.9","-8.7,-5.9",322236,#55 Calle Andersson,Away,,,,,,,,,,,,,,,,,,,,,,AwayControl,HomeTeamZone,HomeTeamZone,,,,322236,304441,337835,337684,322236,332924,100375,888052816,888052818,333800,343628,888052819,,#91 Gilles Senn,#40 Dennis Rasmussen,#19 Jesper Olofsson,#55 Calle Andersson,#25 Henrik Haapala,#10 Andres Ambühl,#1 Thomas Milic,#3 Dillon Heatherington,#86 Josh Jooris,#19 Corban Knight,#24 Ty Smith,,Away,Away,Away,Away,Away,Away,Home,Home,Home,Home,Home,,"25.5,-0.5","-24.7,-2","-14.5,5.8","-8.1,-7","-22.2,-13.4","-23.1,-3.5","-25.6,-1","-23.7,-2","-15.7,-4.3","-19.2,-1.4","-22.5,-7.3",,,,,,,,,,,,,,,,,,,,,,,,,
2,883,1.7038E+12,Pass,AwayPowerplay,4v5,TRUE,TRUE,HomeTeamZone,"-8.7,-6","-14.5,5.6",322236,#55 Calle Andersson,Away,337684,#19 Jesper Olofsson,Away,,,,,,,,Successful,14.7,,,,,,,,,,,,,,,,3.22236E+11,304441,337835,337684,322236,332924,100375,888052816,888052818,333800,343628,888052819,,#91 Gilles Senn,#40 Dennis Rasmussen,#19 Jesper Olofsson,#55 Calle Andersson,#25 Henrik Haapala,#10 Andres Ambühl,#1 Thomas Milic,#3 Dillon Heatherington,#86 Josh Jooris,#19 Corban Knight,#24 Ty Smith,,Away,Away,Away,Away,Away,Away,Home,Home,Home,Home,Home,,"25.5,-0.5","-24.4,-1.1","-14.9,6.5","-9.2,-6.1","-21.3,-13.9","-23.8,-3.7","-25.4,-0.8","-23.4,-1.4","-14.3,-4.2","-18.4,0.3","-22.7,-5.9",,0.317,1.777,1.182,2.288,2.171,0.978,0.43,1.154,1.769,2.985,2.099,,"0.93,-0.368","0.551,0.834","-0.597,0.802","-0.635,0.772","0.998,0.068","-0.992,-0.126","-0.715,-0.699","0.505,0.863","0.858,0.513","0.402,0.916","-0.037,0.999",
2,883,1.7038E+12,PuckControl,AwayPowerplay,4v5,TRUE,TRUE,HomeTeamZone,"-8.7,-5.9","-14.5,5.6",,,,,,,,,,,,,,,,,,,,,,,,,AwayControl,HomeTeamZone,HomeTeamZone,,,,,304441,337835,337684,322236,332924,100375,888052816,888052818,333800,343628,888052819,,#91 Gilles Senn,#40 Dennis Rasmussen,#19 Jesper Olofsson,#55 Calle Andersson,#25 Henrik Haapala,#10 Andres Ambühl,#1 Thomas Milic,#3 Dillon Heatherington,#86 Josh Jooris,#19 Corban Knight,#24 Ty Smith,,Away,Away,Away,Away,Away,Away,Home,Home,Home,Home,Home,,"25.5,-0.5","-24.4,-1.1","-15,6.5","-9.3,-6.1","-21.3,-13.9","-23.8,-3.7","-25.4,-0.8","-23.3,-1.4","-14.3,-4.2","-18.4,0.4","-22.7,-5.9",,,,,,,,,,,,,,,,,,,,,,,,,
2,883,1.7038E+12,PuckControl,AwayPowerplay,4v5,TRUE,TRUE,HomeTeamZone,"-14.5,5.6","-15.3,5.5",337684,#19 Jesper Olofsson,Away,,,,,,,,,,,,,,,,,,,,,,AwayControl,HomeTeamZone,HomeTeamZone,,,,337684,304441,337835,337684,322236,332924,100375,888052816,888052818,333800,343628,888052819,,#91 Gilles Senn,#40 Dennis Rasmussen,#19 Jesper Olofsson,#55 Calle Andersson,#25 Henrik Haapala,#10 Andres Ambühl,#1 Thomas Milic,#3 Dillon Heatherington,#86 Josh Jooris,#19 Corban Knight,#24 Ty Smith,,Away,Away,Away,Away,Away,Away,Home,Home,Home,Home,Home,,"25.5,-0.3","-23.9,-0.2","-15.4,7.3","-9.6,-4.5","-19.5,-12.5","-24.1,-3.4","-25.9,-1.3","-23.2,0.6","-14.4,-2.9","-17.9,4.2","-22.6,-4.4",,,,,,,,,,,,,,,,,,,,,,,,,
2,883,1.7038E+12,Shot,AwayPowerplay,4v5,TRUE,TRUE,HomeTeamZone,"-14.9,5.6",,337684,#19 Jesper Olofsson,Away,888052816,#1 Thomas Milic,Home,,Blocked,144.7,8.88E+20,0.053,,,,,,,,,,,,,,,,,,,,3.38E+35,304441,337835,337684,322236,332924,100375,888052816,888052818,333800,343628,888052819,,#91 Gilles Senn,#40 Dennis Rasmussen,#19 Jesper Olofsson,#55 Calle Andersson,#25 Henrik Haapala,#10 Andres Ambühl,#1 Thomas Milic,#3 Dillon Heatherington,#86 Josh Jooris,#19 Corban Knight,#24 Ty Smith,,Away,Away,Away,Away,Away,Away,Home,Home,Home,Home,Home,,"25.5,-0.3","-23.9,-0.2","-15.4,7.4","-9.6,-4.4","-19.5,-12.4","-24.1,-3.4","-25.9,-1.3","-23.2,0.6","-14.4,-2.8","-17.9,4.3","-22.6,-4.4",,0.258,0.263,0.919,1.673,3.004,0.659,0.334,2.549,2.277,3.069,1.22,,"-0.944,0.329","-0.503,0.864","0.085,0.996","0.251,0.968","0.434,0.901","0.454,0.891","-0.954,0.301","-0.343,0.939","-0.716,0.698","-0.017,1","-0.019,1",
2,883,1.7038E+12,PuckControl,AwayPowerplay,4v5,TRUE,TRUE,HomeTeamZone,"-15.3,5.5","-21.2,9.1",,,,,,,,,,,,,,,,,,,,,,,,,Loose,HomeTeamZone,HomeTeamZone,,,,,304441,337835,337684,322236,332924,100375,888052816,888052818,333800,343628,888052819,,#91 Gilles Senn,#40 Dennis Rasmussen,#19 Jesper Olofsson,#55 Calle Andersson,#25 Henrik Haapala,#10 Andres Ambühl,#1 Thomas Milic,#3 Dillon Heatherington,#86 Josh Jooris,#19 Corban Knight,#24 Ty Smith,,Away,Away,Away,Away,Away,Away,Home,Home,Home,Home,Home,,"25.5,-0.3","-23.9,-0.2","-15.4,7.4","-9.6,-4.4","-19.5,-12.4","-24.1,-3.4","-25.9,-1.3","-23.2,0.7","-14.4,-2.8","-17.9,4.4","-22.6,-4.3",,,,,,,,,,,,,,,,,,,,,,,,,
2,885,1.7038E+12,PuckControl,AwayPowerplay,4v5,TRUE,TRUE,HomeTeamZone,"-21.2,9.1","-20.4,11.8",343628,#19 Corban Knight,Home,,,,,,,,,,,,,,,,,,,,,,HomeControl,HomeTeamZone,HomeTeamZone,,,,343628,304441,337835,337684,322236,332924,100375,888052816,888052818,333800,343628,888052819,,#91 Gilles Senn,#40 Dennis Rasmussen,#19 Jesper Olofsson,#55 Calle Andersson,#25 Henrik Haapala,#10 Andres Ambühl,#1 Thomas Milic,#3 Dillon Heatherington,#86 Josh Jooris,#19 Corban Knight,#24 Ty Smith,,Away,Away,Away,Away,Away,Away,Home,Home,Home,Home,Home,,"25.8,-0.1","-23.9,0.9","-16,9.9","-8.9,-1.3","-19.8,-7.3","-24,-2.7","-25.4,-1.4","-26.2,4.6","-18.7,-0.8","-19.6,8.9","-24.5,-3",,,,,,,,,,,,,,,,,,,,,,,,,
2,886,1.7038E+12,PuckControl,AwayPowerplay,4v5,TRUE,TRUE,HomeTeamZone,"-20.4,11.8","-7.2,9.8",,,,,,,,,,,,,,,,,,,,,,,,,Loose,HomeTeamZone,HomeTeamZone,,,,,304441,337835,337684,322236,332924,100375,888052816,888052818,333800,343628,888052819,,#91 Gilles Senn,#40 Dennis Rasmussen,#19 Jesper Olofsson,#55 Calle Andersson,#25 Henrik Haapala,#10 Andres Ambühl,#1 Thomas Milic,#3 Dillon Heatherington,#86 Josh Jooris,#19 Corban Knight,#24 Ty Smith,,Away,Away,Away,Away,Away,Away,Home,Home,Home,Home,Home,,"25.9,-0.1","-23.7,5.1","-18.5,12.8","-8.7,3.4","-17.8,-5.4","-23.5,-2.4","-25.3,-2.2","-25.6,7","-17.8,2.1","-21.6,11.7","-24.2,-2.7",,,,,,,,,,,,,,,,,,,,,,,,,
2,887,1.7038E+12,PuckControl,AwayPowerplay,4v5,TRUE,TRUE,HomeTeamZone,"-7.2,9.8","-1.6,9.5",322236,#55 Calle Andersson,Away,,,,,,,,,,,,,,,,,,,,,,AwayControl,HomeTeamZone,NeutralZone,,,,322236,304441,337835,337684,322236,332924,100375,888052816,888052818,333800,343628,888052819,,#91 Gilles Senn,#40 Dennis Rasmussen,#19 Jesper Olofsson,#55 Calle Andersson,#25 Henrik Haapala,#10 Andres Ambühl,#1 Thomas Milic,#3 Dillon Heatherington,#86 Josh Jooris,#19 Corban Knight,#24 Ty Smith,,Away,Away,Away,Away,Away,Away,Home,Home,Home,Home,Home,,"25.9,-0.2","-20.7,8","-17.3,14.3","-6.9,8","-15.3,-4.4","-23,-1.2","-26.1,-1.4","-24,8.1","-14.6,2.6","-21.5,13.1","-22.2,-2.1",,,,,,,,,,,,,,,,,,,,,,,,,
